Campaign,Ad Group,Keyword,Match Type
S2 | Search | Recurso de Multas,Recurso de Multas,recurso de multa,Phrase
S2 | Search | Recurso de Multas,Recurso de Multas,recurso de multas,Phrase
S2 | Search | Recurso de Multas,Recurso de Multas,defesa de multa,Phrase
S2 | Search | Recurso de Multas,Recurso de Multas,defesa de multas,Phrase
S2 | Search | Recurso de Multas,Recurso de Multas,recurso de multa uberlandia,Phrase
S2 | Search | Recurso de Multas,Recurso de Multas,recorrer multa,Phrase
S2 | Search | Recurso de Multas,Recurso de Multas,defesa de autuacao,Phrase
S2 | Search | Recurso de Multas,Recurso de Multas,multa de transito recurso,Phrase
S2 | Search | Recurso de Multas,Recurso de Multas,advogado de multas,Phrase
S2 | Search | Recurso de Multas,Recurso de Multas,advogado de transito,Phrase
S2 | Search | Recurso de Multas,Recurso de Multas,advogado de multas de transito,Phrase
S2 | Search | Recurso de Multas,Recurso de Multas,recurso de multa,Exact
S2 | Search | Recurso de Multas,Recurso de Multas,defesa de multa,Exact
S2 | Search | Recurso de Multas,Recurso de Multas,advogado de transito,Exact
S2 | Search | Suspensão de CNH,Suspensão por Pontos,suspensao de cnh,Phrase
S2 | Search | Suspensão de CNH,Suspensão por Pontos,cnh suspensa,Phrase
S2 | Search | Suspensão de CNH,Suspensão por Pontos,recurso cnh suspensa,Phrase
S2 | Search | Suspensão de CNH,Suspensão por Pontos,recurso suspensao de cnh,Phrase
S2 | Search | Suspensão de CNH,Suspensão por Pontos,defesa cnh suspensa,Phrase
S2 | Search | Suspensão de CNH,Suspensão por Pontos,excesso de pontos cnh,Phrase
S2 | Search | Suspensão de CNH,Suspensão por Pontos,processo de suspensao de cnh,Phrase
S2 | Search | Suspensão de CNH,Suspensão por Pontos,defesa administrativa cnh,Phrase
S2 | Search | Suspensão de CNH,Suspensão por Pontos,advogado suspensao cnh,Phrase
S2 | Search | Suspensão de CNH,Suspensão por Pontos,carteira suspensa recurso,Phrase
S2 | Search | Suspensão de CNH,Suspensão por Pontos,suspensao de cnh,Exact
S2 | Search | Suspensão de CNH,Suspensão por Pontos,cnh suspensa,Exact
