Campaign,Keyword,Match Type
S2 | Search | Recurso de Multas,emprego,Broad
S2 | Search | Recurso de Multas,curso,Broad
S2 | Search | Recurso de Multas,concurso,Broad
S2 | Search | Recurso de Multas,vaga,Broad
S2 | Search | Recurso de Multas,salario,Broad
S2 | Search | Recurso de Multas,salário,Broad
S2 | Search | Recurso de Multas,gratis,Broad
S2 | Search | Recurso de Multas,grátis,Broad
S2 | Search | Recurso de Multas,gratuito,Broad
S2 | Search | Recurso de Multas,gratuita,Broad
S2 | Search | Recurso de Multas,download,Broad
S2 | Search | Recurso de Multas,pdf,Broad
S2 | Search | Recurso de Multas,simulado,Broad
S2 | Search | Recurso de Multas,apostila,Broad
S2 | Search | Recurso de Multas,autoescola,Broad
S2 | Search | Recurso de Multas,auto escola,Phrase
S2 | Search | Recurso de Multas,modelo,Broad
S2 | Search | Recurso de Multas,petição,Broad
S2 | Search | Recurso de Multas,peticao,Broad
S2 | Search | Recurso de Multas,jurisprudencia,Broad
S2 | Search | Recurso de Multas,como fazer,Phrase
S2 | Search | Recurso de Multas,sozinho,Broad
S2 | Search | Recurso de Multas,oab,Broad
S2 | Search | Recurso de Multas,pagar multa,Phrase
S2 | Search | Recurso de Multas,consultar multa,Phrase
S2 | Search | Recurso de Multas,telefone detran,Phrase
S2 | Search | Recurso de Multas,site detran,Phrase
S2 | Search | Recurso de Multas,agendamento detran,Phrase
S2 | Search | Recurso de Multas,detran online,Phrase
S2 | Search | Recurso de Multas,gov br,Phrase
S2 | Search | Recurso de Multas,reclame aqui,Phrase
S2 | Search | Suspensão de CNH,emprego,Broad
S2 | Search | Suspensão de CNH,curso,Broad
S2 | Search | Suspensão de CNH,concurso,Broad
S2 | Search | Suspensão de CNH,vaga,Broad
S2 | Search | Suspensão de CNH,salario,Broad
S2 | Search | Suspensão de CNH,salário,Broad
S2 | Search | Suspensão de CNH,gratis,Broad
S2 | Search | Suspensão de CNH,grátis,Broad
S2 | Search | Suspensão de CNH,gratuito,Broad
S2 | Search | Suspensão de CNH,gratuita,Broad
S2 | Search | Suspensão de CNH,download,Broad
S2 | Search | Suspensão de CNH,pdf,Broad
S2 | Search | Suspensão de CNH,simulado,Broad
S2 | Search | Suspensão de CNH,apostila,Broad
S2 | Search | Suspensão de CNH,autoescola,Broad
S2 | Search | Suspensão de CNH,auto escola,Phrase
S2 | Search | Suspensão de CNH,modelo,Broad
S2 | Search | Suspensão de CNH,petição,Broad
S2 | Search | Suspensão de CNH,peticao,Broad
S2 | Search | Suspensão de CNH,jurisprudencia,Broad
S2 | Search | Suspensão de CNH,como fazer,Phrase
S2 | Search | Suspensão de CNH,sozinho,Broad
S2 | Search | Suspensão de CNH,oab,Broad
S2 | Search | Suspensão de CNH,tirar cnh,Phrase
S2 | Search | Suspensão de CNH,renovar cnh,Phrase
S2 | Search | Suspensão de CNH,renovacao cnh,Phrase
S2 | Search | Suspensão de CNH,primeira habilitacao,Phrase
S2 | Search | Suspensão de CNH,segunda via,Phrase
S2 | Search | Suspensão de CNH,exame toxicologico,Phrase
S2 | Search | Suspensão de CNH,toxicologico,Broad
S2 | Search | Suspensão de CNH,clinica,Broad
S2 | Search | Suspensão de CNH,telefone detran,Phrase
S2 | Search | Suspensão de CNH,site detran,Phrase
S2 | Search | Suspensão de CNH,agendamento detran,Phrase
S2 | Search | Suspensão de CNH,detran online,Phrase
S2 | Search | Suspensão de CNH,gov br,Phrase
S2 | Search | Suspensão de CNH,reclame aqui,Phrase
S2 | Search | Suspensão de CNH,como ser despachante,Phrase
